{"cameraMode":{"drawMode":0,"name":"Shaded","section":"Shading Mode"},"sceneLighting":true,"audioPlay":false,"sceneViewState":{"showFog":true,"showMaterialUpdate":false,"showSkybox":true,"showFlares":true,"showImageEffects":true,"showParticleSystems":true},"in2DMode":false,"pivot":{"x":0.8183064460754395,"y":-4.261797904968262,"z":-5.464613437652588},"rotation":{"x":0.057159677147865298,"y":0.9424863457679749,"z":-0.24599285423755647,"w":0.21898740530014039},"size":8.379775047302246,"orthographic":false}